,City,Country,Lat,Lng,Max Temp,Humidity,Cloudiness,Wind Speed,Current Description
0,Bardiyah,LY,31.7561,25.0865,67.8,34,86,8.88,overcast clouds
1,Busselton,AU,-33.65,115.3333,68.56,43,0,8.41,clear sky
2,Chakwal,PK,32.9334,72.8585,54.37,50,2,6.2,clear sky
3,Antofagasta,CL,-23.65,-70.4,61.88,85,36,3.69,scattered clouds
4,Bluff,NZ,-46.6,168.3333,58.37,84,100,11.77,light rain
5,Punta Arenas,CL,-53.15,-70.9167,50.11,62,75,19.57,broken clouds
6,Rikitea,PF,-23.1203,-134.9692,66.67,84,100,11.1,moderate rain
7,Tuktoyaktuk,CA,69.4541,-133.0374,21.2,93,100,5.75,overcast clouds
8,Ribeira Grande,PT,38.5167,-28.7,66.78,97,92,8.01,moderate rain
9,Puerto Asis,CO,0.5133,-76.5007,73.17,98,80,1.79,broken clouds
10,Butaritari,KI,3.0707,172.7902,80.44,81,19,13.56,few clouds
11,Vaini,TO,-21.2,-175.2,84.36,70,75,3.44,broken clouds
12,Norman Wells,CA,65.282,-126.8329,21.24,93,75,2.3,broken clouds
13,Kalmunai,LK,7.4167,81.8167,75.0,81,2,4.97,clear sky
14,Narsaq,GL,60.9167,-46.05,28.62,86,100,2.77,overcast clouds
15,Knoxville,US,35.9606,-83.9207,34.66,48,0,4.61,clear sky
16,Kapaa,US,22.0752,-159.319,82.38,74,75,18.41,broken clouds
17,Albany,US,42.6001,-73.9662,25.45,55,61,1.01,broken clouds
18,Vila Franca Do Campo,PT,37.7167,-25.4333,67.19,94,99,11.18,overcast clouds
19,Ambilobe,MG,-13.2,49.05,75.07,82,95,1.32,overcast clouds
20,Cape Town,ZA,-33.9258,18.4232,62.1,73,0,11.99,clear sky
21,Nanae,JP,41.8833,140.6833,57.43,82,75,3.44,broken clouds
22,Mar Del Plata,AR,-38.0023,-57.5575,59.02,98,100,11.99,overcast clouds
23,Puerto Ayora,EC,-0.7393,-90.3518,68.56,97,100,4.0,overcast clouds
24,Bambous Virieux,MU,-20.3428,57.7575,71.22,88,20,3.44,few clouds
25,Hermanus,ZA,-34.4187,19.2345,53.8,84,29,5.28,scattered clouds
26,Petrolina,BR,-9.3986,-40.5008,75.25,94,0,3.44,moderate rain
27,Atuona,PF,-9.8,-139.0333,77.59,73,39,11.18,scattered clouds
28,Nagina,IN,29.45,78.45,58.96,64,6,3.11,clear sky
29,Ponta Do Sol,PT,32.6667,-17.1,65.03,69,19,4.56,few clouds
30,Camargo,MX,27.6667,-105.1667,47.37,70,0,5.37,clear sky
31,Poum,NC,-20.2333,164.0167,80.53,78,56,14.0,broken clouds
32,Maldonado,UY,-34.6667,-54.9167,66.22,98,100,8.32,moderate rain
33,Karratha,AU,-20.7377,116.8463,83.57,32,95,22.03,overcast clouds
34,Kununurra,AU,-15.7667,128.7333,89.58,58,40,8.05,scattered clouds
35,Arraial Do Cabo,BR,-22.9661,-42.0278,72.54,90,0,11.12,clear sky
36,Faanui,PF,-16.4833,-151.75,78.71,73,98,18.07,overcast clouds
37,Port Blair,IN,11.6667,92.75,77.04,88,20,0.0,few clouds
38,Naze,JP,28.3667,129.4833,74.32,76,32,6.35,scattered clouds
39,Zhezkazgan,KZ,47.8043,67.7144,30.18,100,100,6.71,light snow
40,Boa Vista,BR,2.8197,-60.6733,82.38,69,20,5.75,few clouds
41,Kulhudhuffushi,MV,6.6221,73.07,80.11,78,88,12.73,overcast clouds
42,Nikolskoye,RU,59.7035,30.7861,22.91,95,15,3.31,few clouds
43,Nanortalik,GL,60.1432,-45.2371,29.41,84,100,10.45,overcast clouds
44,Tasiilaq,GL,65.6145,-37.6368,35.83,81,100,15.9,overcast clouds
45,Iqaluit,CA,63.7506,-68.5145,8.33,78,20,3.44,few clouds
46,Mehamn,NO,71.0357,27.8492,37.35,87,100,8.05,overcast clouds
47,Ushuaia,AR,-54.8,-68.3,46.06,71,40,3.44,scattered clouds
48,Kelvington,CA,52.1667,-103.5343,17.98,90,18,10.27,few clouds
49,Thompson,CA,55.7435,-97.8558,21.36,93,100,6.91,overcast clouds
50,Coihaique,CL,-45.5752,-72.0662,48.81,57,0,3.44,clear sky
51,Mahebourg,MU,-20.4081,57.7,71.26,88,20,3.44,few clouds
52,Lengshuitan,CN,26.4111,111.5956,69.85,70,71,1.39,broken clouds
53,Port Elizabeth,ZA,-33.918,25.5701,55.69,94,0,6.91,clear sky
54,Leopold,AU,-38.1833,144.4667,53.26,77,40,25.32,light intensity shower rain
55,Tiksi,RU,71.6872,128.8694,-17.1,100,91,3.04,overcast clouds
56,Pak Phanang,TH,8.3511,100.202,82.42,79,100,5.68,overcast clouds
57,Olinda,BR,-8.0089,-34.8553,80.33,65,40,8.05,scattered clouds
58,Leningradskiy,RU,69.3833,178.4167,-24.84,95,18,5.64,few clouds
59,Tuatapere,NZ,-46.1333,167.6833,61.68,82,100,1.5,light rain
60,Nizhniy Baskunchak,RU,48.2198,46.8311,42.24,77,100,5.14,overcast clouds
61,Saint George,US,37.1041,-113.5841,48.79,33,0,0.0,clear sky
62,Chuy,UY,-33.6971,-53.4616,67.57,86,100,11.45,overcast clouds
63,Henties Bay,NA,-22.116,14.2845,61.09,87,100,4.81,overcast clouds
64,Chokurdakh,RU,70.6333,147.9167,-36.54,100,91,2.98,overcast clouds
65,Hilo,US,19.7297,-155.09,79.25,80,20,9.22,light rain
66,Fairbanks,US,64.8378,-147.7164,19.98,88,75,0.0,broken clouds
67,Olafsvik,IS,64.8945,-23.7142,42.71,74,59,14.2,broken clouds
68,Bathsheba,BB,13.2167,-59.5167,79.41,83,20,17.27,few clouds
69,Doctor Juan Leon Mallorquin,PY,-25.4,-55.2667,78.53,77,100,4.36,overcast clouds
70,Northam,GB,51.0333,-4.2167,47.61,92,100,13.67,overcast clouds
71,Tocantins,BR,-10.5,-48.0,77.29,95,87,0.87,light rain
72,Cervo,ES,43.6702,-7.4101,61.92,87,100,25.32,overcast clouds
73,Bengkulu,ID,-3.8004,102.2655,80.17,75,37,5.17,scattered clouds
74,Langarud,IR,37.197,50.1535,60.06,52,0,6.13,clear sky
75,Vysokogornyy,RU,50.1167,139.15,21.88,69,49,13.4,scattered clouds
76,Khatanga,RU,71.9667,102.5,-33.92,100,68,4.41,broken clouds
77,Maine-Soroa,NE,13.2114,12.0241,68.54,20,8,9.28,clear sky
78,Deputatskiy,RU,69.3,139.9,-22.76,92,87,1.5,overcast clouds
79,Yumen,CN,40.2833,97.2,39.45,24,100,7.29,overcast clouds
80,Bredasdorp,ZA,-34.5322,20.0403,55.11,88,3,1.12,clear sky
81,Barrow,US,71.2906,-156.7887,23.02,74,100,17.27,light snow
82,Fortuna,US,40.5982,-124.1573,49.12,85,0,0.0,clear sky
83,Castro,BR,-24.7911,-50.0119,60.98,97,33,9.51,scattered clouds
84,Huanan,CN,46.2167,130.5167,28.6,40,57,15.37,broken clouds
85,Avarua,CK,-21.2078,-159.775,77.05,57,75,10.36,broken clouds
86,Kenderes,HU,47.25,20.6833,34.0,81,100,5.79,overcast clouds
87,Ailigandi,PA,9.2333,-78.0167,78.89,88,100,5.53,overcast clouds
88,Portland,US,45.5234,-122.6762,44.62,57,0,11.5,clear sky
89,Hobart,AU,-42.8794,147.3294,51.26,73,75,4.0,light rain
90,Sorong,ID,-0.8833,131.25,84.52,71,100,6.31,overcast clouds
91,Petropavlovsk-Kamchatskiy,RU,53.0452,158.6483,18.19,68,75,6.71,broken clouds
92,Upernavik,GL,72.7868,-56.1549,9.81,98,100,16.69,overcast clouds
93,Ostersund,SE,63.1792,14.6357,18.05,100,100,4.61,overcast clouds
94,Jamestown,US,42.097,-79.2353,21.72,75,100,11.5,overcast clouds
95,Chabahar,IR,25.2919,60.643,76.32,71,24,2.98,few clouds
96,Port Hope,US,43.9408,-82.7127,21.27,68,86,5.75,overcast clouds
97,Constantine,DZ,36.365,6.6147,47.61,76,75,10.36,broken clouds
98,Khasan,RU,42.4308,130.6434,40.33,77,100,14.18,overcast clouds
99,Hami,CN,42.8,93.45,38.34,40,8,2.51,clear sky
100,Katsuura,JP,35.1333,140.3,55.42,92,100,14.99,moderate rain
101,San Buenaventura,MX,27.0833,-101.5333,43.48,78,100,3.29,overcast clouds
102,Pauini,BR,-7.7136,-66.9764,81.1,71,76,2.44,broken clouds
103,Road Town,VG,18.4167,-64.6167,78.89,100,40,4.61,scattered clouds
104,Lata,PT,40.1629,-8.3327,61.07,97,100,9.28,overcast clouds
105,Ipu,BR,-4.3222,-40.7108,78.64,72,69,4.79,broken clouds
106,Kondagaon,IN,19.6,81.6667,62.56,57,100,4.21,overcast clouds
107,Hithadhoo,MV,-0.6,73.0833,80.69,75,21,7.96,few clouds
108,Rabo De Peixe,PT,37.8,-25.5833,66.27,97,75,11.5,broken clouds
109,Lovozero,RU,68.005,35.0117,14.77,85,14,1.32,few clouds
110,Luderitz,NA,-26.6481,15.1594,63.01,68,100,14.03,overcast clouds
111,Fort William,GB,56.8165,-5.1121,39.85,91,94,3.89,overcast clouds
112,Ayr,GB,55.4627,-4.6339,36.32,100,99,6.91,overcast clouds
113,San Cristobal,VE,7.7669,-72.225,69.98,98,100,2.01,overcast clouds
114,Santa Ines,BR,-3.6667,-45.38,75.79,87,43,0.72,scattered clouds
115,Port Alfred,ZA,-33.5906,26.891,60.75,81,0,4.45,clear sky
116,Hasaki,JP,35.7333,140.8333,57.6,94,100,6.91,light rain
117,Oranjestad,AW,12.524,-70.027,82.35,77,20,14.97,few clouds
118,East London,ZA,-33.0153,27.9116,60.69,80,1,7.96,clear sky
119,Longyearbyen,SJ,78.2186,15.6401,39.04,87,75,24.16,broken clouds
120,Zhanaozen,KZ,43.3,52.8,45.93,94,99,0.6,overcast clouds
121,Saint-Philippe,RE,-21.3585,55.7679,71.19,75,5,9.4,clear sky
122,Mabaruma,GY,8.2,-59.7833,72.25,99,92,2.62,overcast clouds
123,Asau,RO,46.4333,26.4,31.28,100,100,2.42,overcast clouds
124,Urazovo,RU,50.0836,38.0395,34.99,100,100,9.13,snow
125,Shingu,JP,33.7333,135.9833,65.16,82,77,4.9,broken clouds
126,San Patricio,US,28.017,-97.5169,52.84,59,100,7.23,overcast clouds
127,Cidreira,BR,-30.1811,-50.2056,69.98,86,22,25.41,few clouds
128,Tias,ES,28.9611,-13.645,64.08,77,0,12.66,clear sky
129,Black River,JM,18.0264,-77.8487,77.16,80,73,2.8,broken clouds
130,Ilo,PE,-17.6394,-71.3375,65.14,83,59,1.77,broken clouds
131,Mataura,NZ,-46.1927,168.8643,72.09,45,100,4.07,light rain
132,Tual,ID,-5.6667,132.75,84.74,73,100,9.66,overcast clouds
133,Meulaboh,ID,4.1363,96.1285,77.04,88,100,4.18,overcast clouds
134,Lalmohan,BD,22.3384,90.7419,74.73,67,100,9.31,overcast clouds
135,Khuzhir,RU,53.1939,107.3397,24.42,69,100,12.97,overcast clouds
136,Kamenka,RU,51.3223,42.7678,30.87,97,100,6.93,light snow
137,Roma,US,43.2128,-75.4557,23.68,92,100,6.91,mist
138,Clyde River,CA,70.4692,-68.5914,-18.17,76,0,12.66,clear sky
139,Cartagena Del Chaira,CO,1.3349,-74.8429,73.81,93,93,2.8,overcast clouds
140,Jalu,LY,29.0331,21.5482,63.73,30,98,7.09,overcast clouds
141,Caucaia,BR,-3.7361,-38.6531,81.03,76,40,13.8,scattered clouds
142,Sedona,US,34.8697,-111.761,51.55,31,0,10.36,clear sky
143,Buchanan,LR,5.8808,-10.0467,76.62,86,98,2.71,light rain
144,Marzuq,YE,14.4,46.4667,60.17,53,46,3.42,scattered clouds
145,Husavik,IS,66.0449,-17.3389,41.79,83,78,9.04,broken clouds
146,Pak Chong,TH,14.708,101.4161,75.18,81,89,9.01,overcast clouds
147,New Norfolk,AU,-42.7826,147.0587,50.92,62,100,3.0,overcast clouds
148,Beni,CD,0.5,29.4667,60.15,98,62,2.17,broken clouds
149,Yantal,RU,56.8471,105.2542,8.71,91,100,3.89,overcast clouds
150,Marechal Candido Rondon,BR,-24.5561,-54.0567,73.27,73,97,5.01,overcast clouds
151,Kozhva,RU,65.1073,57.0459,32.7,98,100,10.47,light snow
152,Kiruna,SE,67.8557,20.2251,4.12,85,1,6.91,clear sky
153,Qaanaaq,GL,77.484,-69.3632,-12.3,82,8,4.32,clear sky
154,Saint-Ambroise,CA,48.5501,-71.3324,17.91,86,100,12.66,light snow
155,Torbay,CA,47.6666,-52.7314,43.75,97,100,26.46,moderate rain
156,Russell,US,32.3502,-85.1999,40.23,70,0,0.0,clear sky
157,Russkoye,UA,45.0167,34.8,56.37,67,100,7.67,overcast clouds
158,Mount Gambier,AU,-37.8333,140.7667,51.85,71,45,17.85,light rain
159,Kaitangata,NZ,-46.2817,169.8464,60.98,76,100,7.65,overcast clouds
160,Vallenar,CL,-28.5708,-70.7581,68.79,58,0,3.22,clear sky
161,Djibo,BF,14.1022,-1.6306,74.26,16,82,9.57,broken clouds
162,Baykit,RU,61.67,96.37,-14.8,100,96,3.04,overcast clouds
163,Hirara,JP,24.8,125.2833,79.07,69,20,17.27,few clouds
164,Batagay-Alyta,RU,67.8006,130.4114,-23.35,94,18,4.88,few clouds
165,Carnarvon,AU,-24.8667,113.6333,82.27,32,0,9.66,clear sky
166,Airai,TL,-8.9266,125.4092,68.65,75,100,0.16,overcast clouds
167,Bairiki,KI,1.3292,172.9752,87.8,70,40,11.5,scattered clouds
168,Ashqelon,IL,31.6693,34.5715,71.82,41,99,11.03,overcast clouds
169,Rio Gallegos,AR,-51.6226,-69.2181,51.85,50,0,3.44,clear sky
170,Christchurch,NZ,-43.5333,172.6333,75.4,41,40,16.11,light rain
171,Bethel,US,41.3712,-73.414,30.49,51,0,11.5,clear sky
172,Victoria,HK,22.2855,114.1577,80.19,76,98,8.99,overcast clouds
173,Provideniya,RU,64.3833,-173.3,23.36,86,100,15.99,light shower snow
174,Banda Aceh,ID,5.5577,95.3222,82.13,73,98,11.41,overcast clouds
175,Touros,BR,-5.1989,-35.4608,78.66,75,15,15.26,few clouds
176,Helmsdale,GB,58.1168,-3.6517,31.95,79,1,5.32,clear sky
177,Shancheng,CN,34.7953,116.0817,62.2,66,59,6.51,broken clouds
178,Georgetown,MY,5.4112,100.3354,82.33,88,20,2.3,few clouds
179,Jidong,CN,45.2167,131.0833,33.44,40,55,9.19,broken clouds
180,Cabo San Lucas,MX,22.8909,-109.9124,76.51,71,1,4.97,clear sky
181,Saint-Augustin,CA,51.226,-58.6502,31.06,98,100,23.13,snow
182,Souillac,MU,-20.5167,57.5167,70.18,88,20,3.44,few clouds
183,Dikson,RU,73.5069,80.5464,-20.2,96,36,7.11,scattered clouds
184,Camacupa,AO,-12.0167,17.4833,60.53,90,99,1.81,overcast clouds
185,Laguna,US,38.421,-121.4238,57.29,48,0,4.61,clear sky
186,Birjand,IR,32.8663,59.2211,32.47,74,0,6.91,clear sky
187,Ilulissat,GL,69.2167,-51.1,4.12,92,89,6.02,overcast clouds
188,Kodiak,US,57.79,-152.4072,40.51,87,100,0.0,overcast clouds
189,Yellowknife,CA,62.456,-114.3525,12.72,92,100,4.61,mist
190,Port Hedland,AU,-20.3167,118.5667,82.74,31,100,16.93,light rain
191,Kahului,US,20.8947,-156.47,80.31,74,4,10.0,clear sky
192,Wanning,CN,18.8003,110.3967,76.03,94,100,12.33,moderate rain
193,Oranjemund,NA,-28.55,16.4333,59.61,93,100,8.43,overcast clouds
194,Sai Buri,TH,6.7013,101.6168,78.51,78,100,6.11,overcast clouds
195,Sagua La Grande,CU,22.8067,-80.0756,74.26,90,27,7.92,moderate rain
196,Saskylakh,RU,71.9167,114.0833,-33.97,100,38,4.05,scattered clouds
197,Lazaro Cardenas,MX,17.9583,-102.2,77.95,81,95,3.74,overcast clouds
198,Kavieng,PG,-2.5744,150.7967,85.15,61,100,10.29,overcast clouds
199,Lock Haven,US,41.137,-77.4469,28.9,55,37,7.67,scattered clouds
200,San Rafael Del Sur,NI,11.8485,-86.4384,74.37,74,100,12.71,overcast clouds
201,La Asuncion,VE,11.0333,-63.8628,80.33,94,11,11.5,few clouds
202,Jian,CN,27.1172,114.9793,68.76,72,3,0.69,clear sky
203,Severnyy,RU,50.677,36.5532,30.24,100,100,11.18,mist
204,Mazyr,BY,52.0495,29.2456,19.29,99,100,3.58,overcast clouds
205,Barranca,PE,-10.75,-77.7667,64.2,83,100,6.31,overcast clouds
206,Praia Da Vitoria,PT,38.7333,-27.0667,66.45,94,75,6.2,broken clouds
207,Grand Gaube,MU,-20.0064,57.6608,71.38,76,1,3.0,clear sky
208,Sao Joao Da Barra,BR,-21.6403,-41.0511,72.55,91,79,7.65,broken clouds
209,Houma,US,29.5958,-90.7195,46.99,75,0,4.61,clear sky
210,Ambon,ID,-3.6954,128.1814,86.14,74,40,3.44,scattered clouds
211,Vardo,NO,70.3705,31.1107,35.58,87,100,9.22,overcast clouds
212,Hanna,CA,51.6334,-111.9018,27.86,77,100,10.0,overcast clouds
213,Blagoyevo,RU,63.3667,47.9167,25.77,95,100,6.31,overcast clouds
214,Severo-Kurilsk,RU,50.6789,156.125,37.36,74,100,7.56,overcast clouds
215,Port Lincoln,AU,-34.7333,135.8667,56.55,54,100,22.48,overcast clouds
216,Luwuk,ID,-0.9516,122.7875,82.33,75,100,1.99,overcast clouds
217,Padang,ID,-0.9492,100.3543,80.65,77,100,2.77,overcast clouds
218,Lasa,IT,46.6166,10.7002,30.02,67,67,5.08,broken clouds
219,Innisfail,AU,-17.5333,146.0333,88.14,62,3,10.51,clear sky
220,Ostrovnoy,RU,68.0531,39.5131,34.86,93,100,7.9,light snow
221,Kerema,PG,-7.9631,145.7785,83.41,77,49,12.28,scattered clouds
222,Lufkin,US,31.3382,-94.7291,48.47,64,95,3.96,overcast clouds
223,Alice Springs,AU,-23.7,133.8833,76.55,22,100,16.11,overcast clouds
224,Berdigestyakh,RU,62.0989,126.6992,-18.17,99,100,2.44,overcast clouds
225,Chipata,ZM,-13.6333,32.65,70.14,48,6,4.94,clear sky
226,Tilichiki,RU,60.4667,166.1,-2.02,85,11,7.81,few clouds
227,Dogondoutchi,NE,13.6393,4.0287,76.5,17,100,8.08,overcast clouds
228,Khingansk,RU,49.1167,131.1833,12.54,79,67,6.73,broken clouds
229,Ancud,CL,-41.8697,-73.8203,48.22,77,7,4.88,clear sky
230,Durban,ZA,-29.8579,31.0292,64.02,87,29,1.99,scattered clouds
231,Siderno,IT,38.2779,16.302,59.5,71,99,18.52,overcast clouds
232,Egvekinot,RU,66.3167,-179.1667,-13.11,88,100,13.35,overcast clouds
233,Lebu,CL,-37.6167,-73.65,54.45,78,0,21.99,clear sky
234,Japura,ID,-0.3167,102.35,81.25,77,100,3.87,overcast clouds
235,Zhatay,RU,62.1594,129.8294,-15.95,76,75,2.24,light snow
236,Almaznyy,RU,48.0448,40.045,46.51,93,100,8.28,overcast clouds
237,Aklavik,CA,68.2191,-135.0107,4.44,98,100,4.32,overcast clouds
238,Taywarah,AF,33.35,64.4167,29.86,50,0,3.91,clear sky
239,San Lawrenz,MT,36.0553,14.204,60.21,79,40,4.0,scattered clouds
240,Kismayo,SO,-0.3582,42.5454,77.92,84,69,7.31,broken clouds
241,Vestmannaeyjar,IS,63.4427,-20.2734,44.65,76,22,22.66,few clouds
242,Nouakchott,MR,18.0858,-15.9785,67.93,43,0,13.6,clear sky
243,Springfield,US,37.2153,-93.2982,33.89,57,0,1.99,clear sky
244,Goderich,CA,43.7501,-81.7165,28.9,59,100,14.97,overcast clouds
245,Isangel,VU,-19.55,169.2667,87.91,74,13,9.22,few clouds
246,Yarmouth,US,41.7057,-70.2286,33.96,42,1,5.01,clear sky
247,Chibombo,ZM,-14.6569,28.0706,68.9,45,7,3.8,clear sky
248,Ruzhyn,UA,49.7228,29.2046,31.95,99,100,2.71,overcast clouds
249,Ambovombe,MG,-25.1667,46.0833,69.73,75,66,13.22,light rain
250,Mackenzie,CA,55.2999,-123.1698,26.82,93,100,6.91,light snow
251,Mutoko,ZW,-17.397,32.2268,66.15,78,40,8.01,scattered clouds
252,Mount Isa,AU,-20.7333,139.5,87.57,19,100,9.22,overcast clouds
253,Suez,EG,29.9737,32.5263,64.49,55,58,0.45,broken clouds
254,Kargil,IN,34.5667,76.1,13.24,62,13,3.49,few clouds
255,Xudat,AZ,41.631,48.681,53.82,72,40,5.35,scattered clouds
256,Hofn,IS,64.2539,-15.2082,44.28,84,100,8.1,overcast clouds
257,Baghdad,IQ,33.3406,44.4009,55.31,71,0,10.36,clear sky
258,Kathu,TH,7.9178,98.3332,83.7,99,100,9.26,overcast clouds
259,Matay,EG,28.419,30.7792,65.5,41,100,5.19,overcast clouds
260,Ilebo,CD,-4.3167,20.5833,69.19,99,100,0.45,light rain
261,Labuhan,ID,-6.8844,112.2051,83.95,66,100,5.91,overcast clouds
262,Santa Rosa,PH,14.3122,121.1114,83.01,83,76,14.16,broken clouds
263,Tromso,NO,69.6496,18.957,28.38,86,0,3.44,clear sky
264,Ghanzi,BW,-21.5667,21.7833,79.74,23,69,8.48,broken clouds
265,Verkhnyaya Inta,RU,65.9811,60.3094,18.27,93,68,9.55,broken clouds
266,Lumby,CA,50.2498,-118.969,27.19,82,92,1.14,overcast clouds
267,Mandalgovi,MN,45.7625,106.2708,23.63,51,6,15.19,clear sky
268,Camacha,PT,33.0833,-16.3333,62.02,72,40,9.22,scattered clouds
269,Dingzhou,CN,38.5131,114.9956,48.31,69,100,10.69,overcast clouds
270,Pacific Grove,US,36.6177,-121.9166,62.89,62,29,1.01,scattered clouds
271,Acajutla,SV,13.5928,-89.8275,79.99,71,88,3.67,overcast clouds
272,Koraput,IN,18.8167,82.7167,64.24,66,97,3.15,overcast clouds
273,Abatskoye,RU,56.2875,70.4555,2.19,98,43,5.35,scattered clouds
274,Akureyri,IS,65.6835,-18.0878,42.73,75,100,4.61,overcast clouds
275,Dunda,TZ,-8.1167,34.25,68.31,73,83,2.01,broken clouds
276,Okha,RU,53.5739,142.9478,27.99,86,35,13.13,scattered clouds
277,Villazon,BO,-22.0866,-65.5942,53.13,59,0,12.28,clear sky
278,Broken Hill,AU,-31.95,141.4333,62.13,32,51,22.17,broken clouds
279,Boyolangu,ID,-8.1181,111.8935,83.97,66,57,4.29,broken clouds
280,Ossora,RU,59.2353,163.0719,18.59,79,100,2.86,overcast clouds
281,Acapulco,MX,16.8634,-99.8901,78.93,83,12,6.96,few clouds
282,Sao Filipe,CV,14.8961,-24.4956,75.58,66,46,10.94,scattered clouds
283,Pitimbu,BR,-7.4706,-34.8086,75.79,72,100,12.28,overcast clouds
284,Khanpur,PK,28.6453,70.6567,61.79,36,4,4.5,clear sky
285,Lorengau,PG,-2.0226,147.2712,86.02,60,18,8.86,few clouds
286,Mwinilunga,ZM,-11.7358,24.4293,60.06,91,87,2.75,overcast clouds
287,Cherskiy,RU,68.75,161.3,-15.16,98,100,7.4,overcast clouds
288,Gumdag,TM,39.2061,54.5906,53.67,83,2,5.41,clear sky
289,Progreso,MX,21.2833,-89.6667,78.12,84,100,5.93,overcast clouds
290,Killybegs,IE,54.6333,-8.45,45.09,87,100,23.33,moderate rain
291,Tongchuan,CN,35.0806,109.0897,48.34,36,100,7.72,overcast clouds
292,Moquegua,PE,-17.1956,-70.9353,62.31,71,27,1.32,scattered clouds
293,Ingham,US,42.6,-84.3833,20.43,68,0,4.61,clear sky
294,Pirenopolis,BR,-15.8525,-48.9592,68.49,88,66,4.29,broken clouds
295,Sept-Iles,CA,50.2001,-66.3821,26.6,74,100,10.36,overcast clouds
296,Stornoway,GB,58.2093,-6.3865,42.93,88,84,9.22,broken clouds
297,Acarau,BR,-2.8856,-40.12,79.41,78,60,15.66,broken clouds
298,North Battleford,CA,52.7834,-108.2847,24.89,74,0,6.91,clear sky
299,Klaksvik,FO,62.2266,-6.589,45.52,86,98,26.75,light rain
300,Dobson,US,36.3957,-80.7226,34.99,46,0,0.0,clear sky
301,Nara,JP,34.6851,135.8049,64.49,56,52,4.56,broken clouds
302,Dakar,SN,14.6937,-17.4441,72.48,63,100,21.3,overcast clouds
303,Pisco,PE,-13.7,-76.2167,64.45,88,0,8.05,clear sky
304,Humberto De Campos,BR,-2.5983,-43.4611,76.06,89,6,4.7,clear sky
305,Lerwick,GB,60.1545,-1.1494,46.4,77,100,24.45,overcast clouds
306,Aswan,EG,24.0934,32.907,67.3,59,0,4.61,clear sky
307,Opuwo,NA,-18.0607,13.84,73.33,60,100,4.47,overcast clouds
308,Abu Kamal,SY,34.4506,40.9171,59.31,63,3,6.51,clear sky
309,Puerto Lopez,CO,4.0845,-72.956,74.3,94,100,3.38,overcast clouds
310,Saint Anthony,US,45.0205,-93.218,26.71,80,100,3.0,overcast clouds
311,Alice Town,BS,25.7167,-79.3,77.0,81,61,21.3,broken clouds
312,Qianan,CN,44.9932,124.0581,29.1,29,0,5.61,clear sky
313,Ngunguru,NZ,-35.6167,174.5,68.23,66,94,13.6,overcast clouds
314,Cauquenes,CL,-35.9671,-72.3225,56.57,51,0,5.19,clear sky
315,Haverfordwest,GB,51.8017,-4.9691,49.59,93,100,3.0,overcast clouds
316,Maarianhamina,AX,60.0973,19.9348,31.86,80,75,17.27,broken clouds
317,Kibala,TD,9.1104,18.3463,64.35,88,0,0.0,clear sky
318,Vestmanna,FO,62.1564,-7.1664,43.72,87,20,12.66,light rain
319,Peleduy,RU,59.6289,112.7406,-11.18,94,100,2.35,overcast clouds
320,Samarai,PG,-10.6167,150.6667,85.89,70,88,16.26,light rain
321,Governador Valadares,BR,-18.8511,-41.9494,71.35,83,100,4.43,moderate rain
322,Couva,TT,10.4225,-61.4675,77.2,48,57,4.0,broken clouds
323,Srednekolymsk,RU,67.45,153.6833,-32.62,100,39,1.74,scattered clouds
324,Flinders,AU,-34.5833,150.8552,70.38,40,1,18.99,clear sky
325,Port Hardy,CA,50.6996,-127.4199,42.98,87,100,16.11,light rain
326,Saint Pete Beach,US,27.7253,-82.7412,57.99,75,100,3.0,moderate rain
327,Vrangel,RU,42.7297,133.0839,43.39,87,100,8.52,overcast clouds
328,Charagua,BO,-19.8,-63.2167,68.11,90,15,5.06,few clouds
329,Barcelos,PT,41.5388,-8.6151,62.74,94,100,16.87,overcast clouds
330,Kruisfontein,ZA,-34.0033,24.7314,49.89,80,3,2.91,clear sky
331,Mineros,BO,-17.1167,-63.2333,77.61,75,82,3.18,light rain
332,Ventspils,LV,57.3894,21.5606,24.73,93,0,11.5,clear sky
333,Vostok,RU,46.4856,135.8833,26.22,64,97,3.83,overcast clouds
334,Panorama,GR,40.5878,23.0315,60.91,64,20,15.01,few clouds
335,Dhadar,IN,28.3305,75.0632,61.54,34,0,4.99,clear sky
336,Treinta Y Tres,UY,-33.2333,-54.3833,70.02,74,100,10.2,overcast clouds
337,Phan Thiet,VN,10.9333,108.1,78.98,81,100,7.49,moderate rain
338,Kedrovyy,RU,56.1667,91.8167,7.21,85,100,14.97,light snow
339,Anori,BR,-3.7728,-61.6442,81.84,60,85,0.92,overcast clouds
340,Bykovo,RU,55.6361,38.0803,27.55,93,100,6.71,overcast clouds
341,Antigonish,CA,45.6169,-61.9986,31.35,78,60,11.99,broken clouds
342,Tocopilla,CL,-22.092,-70.1979,64.15,79,22,2.13,few clouds
343,Kysyl-Syr,RU,63.8986,122.7617,-24.56,100,96,2.44,overcast clouds
344,Hermon,US,44.8101,-68.9134,26.38,40,2,7.0,clear sky
345,Adelaide,AU,-34.9333,138.6,61.21,52,40,24.16,light rain
346,Moramanga,MG,-18.9333,48.2,63.03,94,18,1.9,few clouds
347,Hayrabolu,TR,41.2131,27.1069,66.65,55,74,23.89,broken clouds
348,Belaya Gora,RU,68.5333,146.4167,-31.34,100,49,0.47,scattered clouds
349,Kpandae,GH,8.4689,-0.0113,77.67,47,89,2.98,overcast clouds
350,La Palma,US,33.8464,-118.0467,70.29,36,4,1.01,clear sky
351,Lompoc,US,34.6391,-120.4579,59.14,43,18,5.5,few clouds
352,Ferrol,ES,43.4832,-8.2369,63.12,90,100,26.57,overcast clouds
353,Ucluelet,CA,48.9329,-125.5528,43.09,86,100,7.52,overcast clouds
354,Fort Frances,CA,48.5999,-93.4003,25.05,79,100,7.0,overcast clouds
355,Langsa,ID,4.4683,97.9683,79.2,87,100,2.95,overcast clouds
356,Bandhi,PK,26.5861,68.3006,66.61,33,0,4.61,clear sky
357,Svetlyy,RU,54.675,20.1347,30.25,89,89,12.46,overcast clouds
358,Dongsheng,CN,39.8161,109.9776,32.41,40,78,5.59,broken clouds
359,Olmos,PE,-5.9847,-79.7453,65.89,68,20,4.29,few clouds
360,Tlachichuca,MX,19.1,-97.4167,49.26,85,76,5.08,broken clouds
361,Kupang,ID,-10.1667,123.5833,86.58,74,75,4.61,broken clouds
362,Freeport,US,40.6576,-73.5832,33.03,41,1,11.99,clear sky
363,Chernyshevskiy,RU,63.0128,112.4714,-18.17,99,94,2.57,overcast clouds
364,Te Anau,NZ,-45.4167,167.7167,58.06,80,100,2.21,light rain
365,Edgewater,US,28.9889,-80.9023,64.42,77,75,12.66,light rain
366,Necochea,AR,-38.5473,-58.7368,54.72,83,75,14.03,broken clouds
367,Araouane,ML,18.9048,-3.5265,70.88,17,58,13.87,broken clouds
368,Salalah,OM,17.0151,54.0924,74.43,62,100,3.22,overcast clouds
369,Dharchula,IN,29.85,80.5333,54.25,23,0,7.63,clear sky
370,Maningrida,AU,-12.0667,134.2667,93.65,47,72,6.04,broken clouds
371,Yar-Sale,RU,66.8333,70.8333,8.08,96,100,5.64,light snow
372,Manado,ID,1.487,124.8455,90.37,66,20,2.3,few clouds
373,Bojnurd,IR,37.4747,57.329,45.19,67,0,2.26,clear sky
374,Qurayyat,SA,31.3318,37.3428,56.1,52,66,8.81,broken clouds
375,Morehead,US,37.2711,-87.1764,25.99,62,0,0.0,clear sky
376,Taoudenni,ML,22.6783,-3.9836,68.88,20,0,14.45,clear sky
377,Lamu,KE,-2.2717,40.902,77.43,87,69,6.78,broken clouds
378,Aasiaat,GL,68.7098,-52.8699,17.06,88,100,5.44,overcast clouds
379,Henderson,US,36.0397,-114.9819,54.82,21,0,4.61,clear sky
380,Guerrero Negro,MX,27.9769,-114.0611,63.43,63,3,7.47,clear sky
381,Konevo,RU,62.1215,39.3192,12.45,95,31,2.08,scattered clouds
382,Xuddur,SO,4.1213,43.8894,73.15,81,43,9.53,scattered clouds
383,Clarksburg,US,39.2807,-80.3445,25.9,74,0,3.89,clear sky
384,Moranbah,AU,-22.0016,148.0466,96.78,31,67,11.48,broken clouds
385,Akyab,MM,20.15,92.9,78.67,76,5,4.94,clear sky
386,Saldanha,ZA,-33.0117,17.9442,60.33,86,88,19.86,overcast clouds
387,Nhulunbuy,AU,-12.2333,136.7667,92.01,55,40,8.05,scattered clouds
388,Abu Samrah,SY,35.3029,37.1841,59.16,53,76,6.87,broken clouds
389,Sergeyevka,KZ,53.88,67.4158,7.27,90,98,5.97,overcast clouds
390,Abha,SA,18.2164,42.5053,53.19,59,6,6.2,clear sky
391,Keetmanshoop,NA,-26.5833,18.1333,73.4,18,100,5.03,overcast clouds
392,Banes,CU,20.9625,-75.7186,76.98,81,9,7.52,clear sky
393,Tahe,CN,52.3333,124.7333,9.52,78,100,8.05,overcast clouds
394,Plouzane,FR,48.3833,-4.6167,53.65,88,75,11.5,moderate rain
395,Elmira,US,42.0898,-76.8077,25.52,83,55,8.7,broken clouds
396,Berlevag,NO,70.8578,29.0864,37.4,87,100,10.36,overcast clouds
397,Borgarnes,IS,64.5383,-21.9206,45.81,80,60,8.12,broken clouds
398,Hambantota,LK,6.1241,81.1185,73.74,100,20,3.44,few clouds
399,Jennings,US,38.7192,-90.2604,35.89,50,3,1.99,clear sky
400,Songadh,IN,21.1667,73.5667,62.62,47,81,4.97,broken clouds
401,Katobu,ID,-4.9408,122.5276,75.56,95,100,4.63,overcast clouds
402,Florence,IT,43.7667,11.25,49.87,93,0,1.14,clear sky
403,Vanino,RU,49.0869,140.2543,35.2,39,100,7.83,overcast clouds
404,Vorobyevka,RU,50.6451,40.9245,33.78,100,100,11.5,snow
405,Los Llanos De Aridane,ES,28.6585,-17.9182,62.35,83,100,14.97,overcast clouds
406,Danilov,RU,58.1908,40.1717,18.52,95,86,1.81,overcast clouds
407,Abhar,IR,36.1468,49.218,41.25,57,0,2.08,clear sky
408,Copiapo,CL,-27.3667,-70.3333,64.87,69,0,2.3,clear sky
409,Alofi,NU,-19.0595,-169.9187,78.55,77,100,15.21,overcast clouds
410,Les Cayes,HT,18.2,-73.75,75.65,83,86,2.24,overcast clouds
411,Pevek,RU,69.7008,170.3133,-17.64,98,100,10.71,overcast clouds
412,Zhigansk,RU,66.7697,123.3711,-25.62,100,100,4.88,overcast clouds
413,Fort Myers Beach,US,26.452,-81.9481,66.22,93,100,16.11,mist
414,Choix,MX,26.7092,-108.3219,65.03,47,5,2.98,clear sky
415,Iskateley,RU,67.6803,53.1512,28.78,98,100,6.85,light snow
416,Makakilo City,US,21.3469,-158.0858,78.69,69,2,21.27,clear sky
417,Asahikawa,JP,43.7678,142.3703,43.84,97,100,2.24,overcast clouds
418,Mbandaka,CD,0.0487,18.2603,70.27,96,100,2.3,light rain
419,Tiznit,MA,29.5833,-9.5,63.57,29,6,4.7,clear sky
420,Robertsport,LR,6.7533,-11.3686,79.34,76,100,1.99,overcast clouds
421,Riviere-Au-Renard,CA,48.9957,-64.3971,28.83,95,100,26.64,snow
422,Nowa Sol,PL,51.8033,15.717,28.06,78,97,4.83,overcast clouds
423,Dunedin,NZ,-45.8742,170.5036,64.8,76,100,1.99,overcast clouds
424,Bakel,SN,14.905,-12.4568,78.26,20,28,8.81,scattered clouds
425,Quzhou,CN,28.9594,118.8686,66.99,75,18,5.68,few clouds
426,Bonthe,SL,7.5264,-12.505,78.04,79,59,4.36,broken clouds
427,Rozvadiv,UA,49.5,23.6167,26.2,99,100,3.98,overcast clouds
428,Aquiraz,BR,-3.9014,-38.3911,81.18,76,37,14.72,scattered clouds
429,Vao,NC,-22.6667,167.4833,75.47,79,43,9.35,scattered clouds
430,Kutum,SD,14.2,24.6667,58.44,23,1,4.72,clear sky
431,Magadan,RU,59.5667,150.8,19.87,82,100,15.73,overcast clouds
432,Longuenesse,FR,50.734,2.2352,49.42,90,71,6.42,broken clouds
433,Londoko,RU,49.0333,131.9833,17.06,73,19,4.54,few clouds
434,Jovellar,PH,13.0695,123.5999,83.01,80,100,10.0,overcast clouds
435,San Carlos,VE,9.6612,-68.5827,72.36,95,65,3.24,broken clouds
436,Lavrentiya,RU,65.5833,-171.0,22.8,84,100,14.76,overcast clouds
437,Nyaunglebin,MM,17.95,96.7333,76.44,77,1,4.81,clear sky
438,Guilin,CN,25.2819,110.2864,69.19,74,100,1.74,overcast clouds
439,Port-Gentil,GA,-0.7193,8.7815,76.89,88,100,7.92,overcast clouds
440,Bubaque,GW,11.2833,-15.8333,82.29,43,69,5.68,broken clouds
441,Awjilah,LY,29.1081,21.2869,63.59,28,68,7.27,broken clouds
442,Nanakuli,US,21.3906,-158.1547,80.11,70,3,19.73,clear sky
443,Chara,RU,56.9064,118.2631,0.0,85,99,2.64,overcast clouds
444,Quatre Cocos,MU,-20.2078,57.7625,71.1,75,22,6.33,few clouds
445,Lubao,PH,14.9167,120.55,83.14,75,77,14.63,light rain
446,Sakakah,SA,29.9697,40.2064,55.74,60,0,2.08,clear sky
447,Saint-Pierre,RE,-21.3393,55.4781,71.28,56,0,9.22,clear sky
448,Auki,SB,-8.7676,160.7034,84.92,68,46,3.27,scattered clouds
449,Kaeo,NZ,-35.1,173.7833,72.32,75,91,13.22,overcast clouds
450,Sur,OM,22.5667,59.5289,74.19,62,0,7.02,clear sky
451,Cayenne,GF,4.9333,-52.3333,77.04,88,100,3.44,overcast clouds
452,Mocuba,MZ,-16.8392,36.9856,73.62,93,3,3.02,clear sky
453,Caravelas,BR,-17.7125,-39.2481,70.7,97,100,6.11,light rain
454,Richards Bay,ZA,-28.783,32.0377,61.07,80,4,4.81,clear sky
455,Imphal,IN,24.8167,93.95,66.72,68,87,2.13,overcast clouds
456,Hualmay,PE,-11.0964,-77.6139,64.47,85,79,8.1,broken clouds
457,Manuk Mangkaw,PH,4.8,119.85,79.66,77,100,11.65,overcast clouds
458,Viedma,AR,-40.8135,-62.9967,51.93,61,0,9.01,clear sky
459,Santa Cruz De La Palma,ES,28.6835,-17.7642,67.14,82,100,14.97,overcast clouds
460,Kanniyakumari,IN,8.0833,77.5667,77.41,80,79,6.87,broken clouds
461,Young,UY,-32.6833,-57.6333,67.53,87,100,2.55,overcast clouds
462,Felipe Carrillo Puerto,MX,19.5833,-88.05,72.41,96,68,0.6,light rain
463,Lebanon,US,36.2081,-86.2911,33.21,63,0,0.0,clear sky
464,Caloundra,AU,-26.8,153.1333,89.11,71,71,8.01,broken clouds
465,Lake Charles,US,30.2131,-93.2044,49.98,62,0,6.91,clear sky
466,Mpophomeni,ZA,-29.5682,30.1862,47.14,96,29,4.14,scattered clouds
467,Pangnirtung,CA,66.1451,-65.7125,-1.75,66,17,7.61,few clouds
468,Lakes Entrance,AU,-37.8811,147.981,63.16,38,83,23.2,broken clouds
469,Pafos,CY,34.7667,32.4167,62.38,67,0,9.22,clear sky
470,Itarema,BR,-2.9248,-39.9167,79.27,77,67,15.35,broken clouds
471,Marawi,PH,7.9986,124.2928,79.97,67,61,2.68,broken clouds
472,Okhotsk,RU,59.3833,143.3,19.98,91,100,14.45,light snow
473,Tikhvin,RU,59.6451,33.5294,20.21,99,79,2.15,broken clouds
474,Asyut,EG,27.181,31.1837,65.64,37,100,2.73,overcast clouds
475,Shaunavon,CA,49.6501,-108.4181,31.78,75,100,6.29,overcast clouds
476,Sitka,US,57.0531,-135.33,48.09,76,100,11.5,light rain
477,Porbandar,IN,21.6422,69.6093,73.98,39,0,7.4,clear sky
478,San Jeronimo,PE,-11.9472,-75.2829,51.67,80,97,6.2,overcast clouds
479,Plainview,US,40.7765,-73.4673,32.52,41,0,8.99,clear sky
480,Sorland,NO,67.667,12.6934,44.46,56,0,8.34,clear sky
481,Medicine Hat,CA,50.0501,-110.6683,31.21,73,100,3.0,overcast clouds
482,Cockburn Town,TC,21.4612,-71.1419,80.56,69,40,12.66,scattered clouds
483,Zaoyang,CN,32.1272,112.7542,59.83,65,100,1.99,overcast clouds
484,Bowen,AU,-20.0167,148.2333,84.31,73,42,14.56,scattered clouds
485,Carutapera,BR,-1.195,-46.02,78.13,85,49,7.09,scattered clouds
486,Comodoro Rivadavia,AR,-45.8667,-67.5,55.26,58,0,14.97,clear sky
487,Ahipara,NZ,-35.1667,173.1667,66.49,82,89,15.61,overcast clouds
488,Palana,RU,59.1167,159.9667,21.31,90,100,9.13,overcast clouds
489,Tevaitoa,PF,-16.7833,-151.5,78.31,73,55,16.69,broken clouds
490,Puerto Escondido,MX,15.85,-97.0667,81.43,65,40,3.44,scattered clouds
491,Khandyga,RU,62.6667,135.6,-23.75,98,57,2.33,broken clouds
492,Bucerias,MX,20.75,-105.3333,76.98,73,75,3.44,broken clouds
493,Verkhnetulomskiy,RU,68.6073,31.7962,15.93,97,61,1.68,broken clouds
494,Tura,IN,25.5198,90.2201,65.08,70,99,2.95,overcast clouds
495,Tautira,PF,-17.7333,-149.15,77.14,71,20,13.11,few clouds
496,Namatanai,PG,-3.6667,152.4333,86.4,55,94,7.9,overcast clouds
497,Kabo,CF,7.6994,18.629,70.5,32,73,4.07,broken clouds
498,Hornepayne,CA,49.2138,-84.7705,19.2,84,100,12.41,overcast clouds
499,Marsh Harbour,BS,26.5412,-77.0636,77.36,78,62,21.94,broken clouds
500,Amos,CA,48.5669,-78.1162,8.24,85,25,6.06,scattered clouds
501,Margate,GB,51.3813,1.3862,41.31,90,100,13.2,overcast clouds
502,Baruun-Urt,MN,46.6806,113.2792,15.42,48,3,8.46,clear sky
503,Fort Nelson,CA,58.8053,-122.7002,21.94,85,100,1.48,overcast clouds
504,Nizwa,OM,22.9333,57.5333,66.54,64,2,1.01,clear sky
505,Westport,US,41.1415,-73.3579,32.56,45,0,12.66,clear sky
506,Bayan,CN,46.0833,127.4,24.49,41,0,7.9,clear sky
507,Pulandian,CN,39.3953,121.9669,46.85,51,29,16.22,scattered clouds
508,Porto Velho,BR,-8.7619,-63.9039,78.85,89,0,1.14,clear sky
509,Goose Creek,US,32.981,-80.0326,46.89,80,100,6.53,overcast clouds
510,Wukari,NG,7.85,9.7833,73.89,32,63,4.34,broken clouds
511,Inhambane,MZ,-23.865,35.3833,68.4,67,1,9.24,clear sky
512,Mangrol,IN,21.1167,70.1167,71.71,45,0,8.21,clear sky
513,Ulaanbaatar,MN,47.9077,106.8832,12.74,72,71,7.02,broken clouds
514,Kajaani,FI,64.2273,27.7285,19.45,86,100,5.75,overcast clouds
515,Kongolo,CD,-5.3833,27.0,67.78,96,82,1.83,broken clouds
516,Boguchany,RU,58.3814,97.4531,1.53,96,100,4.7,overcast clouds
517,Atar,MR,20.5169,-13.0499,70.74,19,0,8.52,clear sky
518,Brae,GB,60.3964,-1.353,44.8,76,100,22.1,overcast clouds
519,Bilibino,RU,68.0546,166.4372,-15.63,99,100,3.31,overcast clouds
520,Lodingen,NO,68.414,15.9951,22.95,42,0,4.97,clear sky
521,Kollam,IN,8.8833,76.6,75.74,83,86,4.5,overcast clouds
522,Malakal,SS,9.5334,31.6605,74.64,32,5,4.68,clear sky
523,Terrace,CA,54.5163,-128.6035,30.11,93,100,2.3,mist
524,Yuzha,RU,56.5831,42.0122,19.58,97,100,2.46,overcast clouds
525,Sisimiut,GL,66.9395,-53.6735,23.41,94,100,7.18,light snow
526,Nabinagar,BD,23.8917,90.9733,69.93,61,92,5.21,overcast clouds
527,Riyadh,SA,24.6877,46.7219,59.14,40,6,7.16,clear sky
528,Kichera,RU,55.9375,110.0997,3.58,87,85,4.85,overcast clouds
529,Vila Velha,BR,-20.3297,-40.2925,72.95,95,99,2.82,light rain
530,Donskoye,RU,45.4552,41.9741,55.53,58,100,5.5,overcast clouds
531,Nuuk,GL,64.1835,-51.7216,22.87,85,100,8.99,overcast clouds
532,Nemuro,JP,43.3236,145.575,53.1,73,100,24.92,overcast clouds
533,Songjianghe,CN,42.1859,127.479,30.58,83,99,5.99,overcast clouds
534,Kudahuvadhoo,MV,2.6708,72.8944,81.75,78,91,19.08,overcast clouds
535,Nebaj,GT,15.4058,-91.1461,56.57,96,100,2.39,moderate rain
536,Tabuk,PH,17.4189,121.4443,81.43,74,81,3.38,light rain
537,Rivne,UA,50.6231,26.2274,30.63,97,100,3.36,overcast clouds
538,Bulungu,CD,-4.55,18.6,69.82,98,99,2.59,overcast clouds
539,Batagay,RU,67.6333,134.6333,-17.48,100,97,1.72,overcast clouds
540,Ilam,NP,26.9167,87.9167,60.75,66,2,1.12,clear sky
541,Sechura,PE,-5.5569,-80.8222,65.26,80,3,14.12,clear sky
542,Batemans Bay,AU,-35.7167,150.1833,66.09,31,17,17.36,few clouds
543,Kurumkan,RU,54.3,110.3,1.09,81,59,3.02,broken clouds
544,Korla,CN,41.7597,86.1469,35.53,41,81,3.27,broken clouds
545,Ngorongoro,TZ,-3.2397,35.4875,51.13,89,88,2.33,overcast clouds
546,Ilhabela,BR,-23.7781,-45.3581,69.93,87,48,7.47,scattered clouds
547,Najran,SA,17.4924,44.1277,57.4,67,75,0.78,broken clouds
548,Marktredwitz,DE,50.005,12.0811,37.27,98,100,11.01,overcast clouds
549,Kumluca,TR,36.3703,30.2869,64.56,67,100,4.34,overcast clouds
550,Mizan Teferi,ET,6.9833,35.5833,59.72,88,43,3.06,scattered clouds
551,Ca Mau,VN,9.1769,105.15,77.68,87,100,6.73,light rain
552,Manoel Urbano,BR,-8.8389,-69.2597,79.56,71,24,2.93,light rain
553,Lexington,US,37.9887,-84.4777,28.29,52,0,4.61,clear sky
554,Khani,GE,41.9563,42.9566,51.37,60,100,7.36,overcast clouds
555,Mezen,RU,65.8522,44.24,34.81,97,100,6.96,overcast clouds
556,Montanha,BR,-18.1269,-40.3633,69.78,97,100,3.87,overcast clouds
557,Leshukonskoye,RU,64.8989,45.7622,30.24,97,100,6.91,light snow
558,Yuancheng,CN,36.652,107.7896,38.93,38,100,8.57,overcast clouds
559,Damghan,IR,36.1683,54.348,46.81,48,0,2.04,clear sky
560,Shamary,RU,57.3434,58.2199,6.73,93,6,3.47,clear sky
561,Polunochnoye,RU,60.8697,60.4153,7.72,93,100,4.76,overcast clouds
562,Baiyin,CN,36.5583,104.2081,36.97,32,100,0.81,overcast clouds
563,Taseyevo,RU,57.2169,94.8978,10.24,83,100,10.51,overcast clouds
564,Palmer,US,42.1584,-72.3287,28.81,37,11,4.0,few clouds
565,Giovinazzo,IT,41.1864,16.6674,51.21,72,20,12.66,few clouds
566,Chumikan,RU,54.7183,135.315,24.35,86,100,14.74,overcast clouds
567,Kieta,PG,-6.2167,155.6333,85.89,56,26,4.88,scattered clouds
568,Haukipudas,FI,65.1765,25.3523,14.05,88,8,5.93,clear sky
569,Inirida,CO,3.8653,-67.9239,75.22,96,95,2.42,moderate rain
570,Nedjo,ET,9.5046,35.5019,57.81,82,61,1.41,broken clouds
571,Tolaga Bay,NZ,-38.3667,178.3,73.49,49,76,11.65,broken clouds
572,Hamilton,US,39.1834,-84.5333,28.78,50,0,4.61,clear sky
573,Bend,US,44.0582,-121.3153,36.72,63,0,4.0,clear sky
574,San Isidro,PE,-12.1167,-77.05,66.02,80,100,10.36,overcast clouds
575,Kavaratti,IN,10.5669,72.642,80.37,53,93,6.71,overcast clouds
576,Tame,CO,6.461,-71.73,72.7,89,49,5.23,scattered clouds
577,Kontagora,NG,10.3999,5.4695,71.94,26,52,4.25,broken clouds
578,Talnakh,RU,69.4865,88.3972,-19.28,95,99,3.69,overcast clouds
579,Somerset,US,40.5668,-74.5496,31.23,48,0,5.75,clear sky
580,Suntar,RU,62.1444,117.6319,-14.22,99,92,3.51,overcast clouds
581,Paka,MY,4.6374,103.4368,83.37,79,100,1.54,overcast clouds
582,La Ronge,CA,55.1001,-105.2842,17.87,92,16,7.56,few clouds
583,Wahiawa,US,21.5028,-158.0236,79.12,66,100,8.05,overcast clouds
584,Sivas,TR,39.7916,37.0019,43.43,87,0,4.61,clear sky
585,Forssa,FI,60.8146,23.6215,25.68,76,10,8.97,clear sky
586,Catuday,PH,16.2923,119.8062,82.26,69,100,14.54,overcast clouds
587,Rezekne,LV,56.5,27.3167,20.39,94,100,12.12,light snow
588,Hinesville,US,31.8469,-81.5959,46.85,65,20,3.44,few clouds
589,College,US,64.8569,-147.8028,20.59,89,75,0.0,broken clouds
590,Kastamonu,TR,41.5,33.6667,49.87,79,100,2.28,overcast clouds
591,Cairns,AU,-16.9167,145.7667,105.06,72,40,10.36,scattered clouds
592,Praia,CV,14.9215,-23.5087,73.94,68,20,16.11,few clouds
593,Gat,IL,31.61,34.7642,70.81,41,99,12.41,overcast clouds
594,Venado Tuerto,AR,-33.7456,-61.9688,60.42,95,99,12.62,overcast clouds
595,Sibiti,CG,-3.6819,13.3499,66.79,99,100,1.68,light rain
596,San Quintin,MX,30.4833,-115.95,62.04,48,2,6.44,clear sky
597,Swift Current,CA,50.2834,-107.8014,22.42,81,86,8.72,overcast clouds
598,Ust-Nera,RU,64.5667,143.2,-8.1,97,100,3.78,overcast clouds
599,Kaya,BF,13.0917,-1.0844,73.92,17,73,9.08,broken clouds
600,Mahanoro,MG,-19.9,48.8,72.37,95,10,7.9,clear sky
601,Nyurba,RU,63.2842,118.3319,-18.81,100,98,3.18,overcast clouds
602,Codrington,AU,-38.2667,141.9667,52.93,62,49,26.28,scattered clouds
603,Bud,US,39.447,-86.1758,28.42,42,1,6.87,clear sky
604,Huarmey,PE,-10.0681,-78.1522,65.03,84,85,6.98,overcast clouds
605,Oswego,US,43.4501,-76.1497,24.91,95,100,4.0,overcast clouds
606,Davila,PH,18.4726,120.5763,84.76,66,24,8.16,few clouds
607,Kaitong,CN,44.8135,123.15,28.36,43,0,6.2,clear sky
608,Namibe,AO,-15.1961,12.1522,72.21,77,100,7.61,overcast clouds
609,Sokolovo-Kundryuchenskiy,RU,47.8354,39.9471,45.75,93,100,6.76,overcast clouds
610,Toktogul,KG,41.8708,72.9402,37.49,93,99,1.3,overcast clouds
611,Mastic Beach,US,40.7668,-72.8521,32.99,44,0,13.8,clear sky
612,Tarakan,ID,3.3,117.6333,78.3,89,100,3.44,overcast clouds
613,Dickinson,US,29.4608,-95.0513,53.67,66,100,9.22,overcast clouds
614,Burnie,AU,-41.0667,145.9167,47.95,72,82,20.49,light rain
615,Tanhacu,BR,-14.0214,-41.2481,68.99,95,100,2.71,overcast clouds
616,Walvis Bay,NA,-22.9575,14.5053,59.09,82,99,4.14,overcast clouds
617,Santa Isabel Do Rio Negro,BR,-0.4139,-65.0192,78.26,79,90,2.44,overcast clouds
618,Ternate,ID,0.8,127.4,83.89,74,80,1.74,broken clouds
619,San Felipe,VE,10.3399,-68.7425,72.97,94,87,3.89,overcast clouds
620,Bad Salzungen,DE,50.8167,10.2333,41.2,95,100,1.01,moderate rain
621,Mandapam,IN,9.2833,79.1167,77.79,66,59,5.35,broken clouds
622,Mirador,BR,-6.3708,-44.3631,73.74,79,100,2.37,overcast clouds
623,Saquena,PE,-4.6667,-73.5167,80.35,78,100,2.64,overcast clouds
624,Komsomolskiy,UZ,40.4272,71.7189,36.32,93,75,2.3,mist
625,Palmerston,AU,-12.486,130.9833,93.88,58,75,8.05,broken clouds
626,Zirandaro,MX,18.45,-100.9833,80.31,62,40,2.55,scattered clouds
627,Constitucion,CL,-35.3333,-72.4167,56.21,74,0,13.06,clear sky
628,Honningsvag,NO,70.9821,25.9704,37.15,87,100,3.44,overcast clouds
629,Mercedes,AR,-34.6515,-59.4307,65.64,97,99,7.23,overcast clouds
630,Lokosovo,RU,61.1333,74.8167,-7.64,88,100,9.28,overcast clouds
631,Saint-Louis,SN,16.3333,-15.0,76.03,14,4,10.0,clear sky
632,Chicama,PE,-7.8447,-79.1469,61.34,81,8,4.56,clear sky
633,Bafoulabe,ML,13.8065,-10.8321,79.45,20,100,2.24,overcast clouds
634,Nyangao,TZ,-10.3333,39.2833,73.18,91,71,3.74,broken clouds
635,Washougal,US,45.5826,-122.3534,43.95,60,0,30.0,clear sky
636,Turukhansk,RU,65.8167,87.9833,-18.02,99,100,4.81,overcast clouds
637,Puri,IN,19.8,85.85,72.12,53,7,10.0,clear sky
638,Ducheng,CN,23.2373,111.5317,81.23,56,15,6.78,few clouds
639,Pades,RO,45.0167,22.85,48.16,99,100,0.92,light rain
640,Kayes,ML,14.0,-11.0,79.29,19,100,4.38,overcast clouds
641,Birao,CF,10.2849,22.7882,66.54,29,5,5.48,clear sky
642,Tigzirt,DZ,36.8886,4.1198,57.4,75,88,10.8,light rain
643,Ashland,US,40.8167,-82.2665,22.26,67,4,6.67,clear sky
644,Cleethorpes,GB,53.5605,-0.0323,39.45,93,98,10.36,overcast clouds
645,Merauke,ID,-8.4667,140.3333,79.93,81,100,9.26,moderate rain
646,Siyabuswa,ZA,-25.1132,29.0445,63.1,66,83,8.43,broken clouds
647,Waterford,US,42.7023,-83.4027,21.9,72,0,8.05,clear sky
648,Pucara,PE,-15.9803,-71.4606,38.53,34,100,3.98,overcast clouds
649,Bitlis,TR,38.5,42.25,37.69,70,100,3.89,overcast clouds
650,Paciran,ID,-6.8767,112.3761,83.39,68,100,5.3,overcast clouds
651,Robe,AU,-37.1833,139.75,53.15,62,91,31.38,light rain
652,Brigantine,US,39.4101,-74.3646,31.01,50,0,5.75,clear sky
653,Coquimbo,CL,-29.9533,-71.3436,56.93,94,0,3.44,clear sky
654,Biak,ID,-0.9131,122.8766,79.99,75,100,1.5,overcast clouds
655,Beringovskiy,RU,63.05,179.3167,-3.53,89,7,20.56,clear sky
656,Kindu,CD,-2.95,25.95,67.3,99,69,1.1,light rain
657,Alto Araguaia,BR,-17.3147,-53.2153,69.33,78,1,3.2,clear sky
658,Kaa-Khem,RU,51.6833,94.7333,6.96,95,100,0.83,overcast clouds
659,Faya,SA,18.3851,42.4509,50.52,61,29,5.59,scattered clouds
660,Ewa Beach,US,21.3156,-158.0072,82.35,60,0,12.66,clear sky
661,Shache,CN,38.4167,77.2406,37.76,31,71,3.18,broken clouds
662,Tshikapa,CD,-6.4167,20.8,69.66,98,100,1.07,light rain
663,Krasnotorka,UA,48.682,37.5327,50.4,90,100,11.16,overcast clouds
664,Calella,ES,41.618,2.6678,56.91,68,100,1.57,overcast clouds
665,Shenkursk,RU,62.1091,42.896,11.59,95,5,2.66,clear sky
666,Rio Cuarto,AR,-33.1307,-64.3499,60.33,88,92,7.56,moderate rain
667,Yulara,AU,-25.2406,130.9889,79.72,20,100,16.02,overcast clouds
668,Mount Hagen,PG,-5.8581,144.2274,68.88,74,100,3.38,overcast clouds
669,Aksarka,RU,66.5606,67.7975,8.22,97,100,0.85,overcast clouds
670,Ixtapa,MX,20.7,-105.2,76.23,73,75,3.44,broken clouds
671,Wewak,PG,-3.5534,143.6268,84.02,72,98,4.38,overcast clouds
672,Sola,VU,-13.8833,167.55,82.56,72,13,8.66,few clouds
673,Si Sa Ket,TH,14.8333,104.3333,82.87,79,100,8.99,overcast clouds
674,Kuryk,KZ,43.2,51.65,50.31,92,92,2.24,overcast clouds
675,Axams,AT,47.2081,11.2869,26.28,81,75,5.75,broken clouds
676,Bagdarin,RU,54.4333,113.6,2.93,48,52,2.17,broken clouds
677,Warwick,US,41.7001,-71.4162,31.87,38,0,14.97,clear sky
678,Bonavista,CA,48.6499,-53.1147,36.41,97,100,38.23,moderate rain
679,Boromo,BF,11.75,-2.9333,73.71,22,25,6.2,scattered clouds
680,Mildura,AU,-34.2,142.15,61.07,50,96,27.09,overcast clouds
681,Nogliki,RU,51.8333,143.1667,33.26,63,16,13.33,few clouds
682,Balakhta,RU,55.38,91.6,7.81,72,100,17.67,overcast clouds
683,Buraydah,SA,26.326,43.975,57.31,47,29,5.75,scattered clouds
684,Batangafo,CF,7.3008,18.2833,70.47,35,33,3.4,scattered clouds
685,Dengzhou,CN,37.8086,120.7508,51.53,73,100,16.24,overcast clouds
686,Timbauba,BR,-7.5053,-35.3183,72.99,82,97,4.32,overcast clouds
687,Richmond Hill,CA,43.8711,-79.4372,23.02,71,13,11.88,few clouds
